x;y
5.533;2.716
5.537;2.717
5.535;2.718
5.538;2.721
5.532;2.717
5.534;2.717
5.538;2.716
5.535;2.717
5.537;2.717
5.537;2.717
5.533;2.718
5.539;2.718
5.536;2.718
5.534;2.716
5.538;2.718
5.535;2.72
5.533;2.72
5.537;2.719
5.536;2.718
5.534;2.716
5.538;2.718
5.541;2.722
5.561;2.716
5.561;2.719
5.563;2.718
5.564;2.716
5.565;2.716
5.562;2.718
5.564;2.718
5.56;2.717
5.564;2.715
5.567;2.716
5.565;2.717
5.561;2.715
5.561;2.719
5.562;2.717
5.56;2.724
5.557;2.719
5.561;2.718
5.564;2.717
5.565;2.721
5.566;2.721
5.558;2.717
5.562;2.717
5.558;2.715
5.562;2.716
5.566;2.718
5.561;2.716
5.563;2.716
5.564;2.718
5.563;2.718
5.563;2.714
5.566;2.72
5.563;2.716
5.564;2.717
5.564;2.718
5.563;2.717
5.561;2.72
5.561;2.72
5.563;2.72
5.565;2.715
5.562;2.718
5.561;2.721
5.563;2.718
5.563;2.716
5.564;2.72
5.558;2.719
5.562;2.718
5.563;2.717
5.562;2.716
5.558;2.719
5.559;2.719
5.558;2.719
5.561;2.717
5.563;2.717
5.562;2.717
5.562;2.715
5.562;2.718
5.561;2.719
5.56;2.715
5.564;2.716
5.564;2.716
5.566;2.717
5.565;2.716
5.564;2.717
5.563;2.716
5.562;2.718
5.562;2.717
5.563;2.719
5.561;2.717
5.563;2.717
5.566;2.717
5.564;2.715
5.562;2.716
5.565;2.719
5.562;2.717
5.562;2.715
5.564;2.719
5.56;2.719
5.56;2.715
5.562;2.716
5.557;2.717
5.558;2.715
5.562;2.719
5.561;2.717
5.56;2.716
5.562;2.714
5.562;2.718
5.563;2.717
5.565;2.715
5.565;2.714
5.561;2.719
5.559;2.718
5.561;2.715
5.563;2.719
5.562;2.714
5.563;2.716
5.565;2.716
5.563;2.717
5.56;2.715
5.565;2.713
5.563;2.714
5.559;2.714
5.56;2.717
5.562;2.715
5.558;2.714
5.562;2.715
5.565;2.717
5.561;2.713
5.562;2.722
5.559;2.718
5.562;2.717
5.565;2.716
5.563;2.716
5.564;2.715
5.563;2.715
5.564;2.716
5.561;2.715
5.564;2.717
5.564;2.714
5.563;2.718
5.561;2.717
5.561;2.717
5.566;2.721
5.562;2.719
5.562;2.719
5.561;2.715
5.563;2.717
5.563;2.716
5.566;2.717
5.563;2.718
5.565;2.716
5.565;2.718
5.564;2.714
5.564;2.715
5.559;2.716
5.563;2.719
5.561;2.715
5.564;2.716
5.565;2.718
5.564;2.716
5.559;2.717
5.56;2.717
5.564;2.721
5.563;2.717
5.565;2.716
5.564;2.715
5.563;2.715
5.56;2.717
5.562;2.721
5.562;2.723
5.562;2.757
5.562;2.768
5.561;2.758
5.564;2.769
5.567;2.77
5.563;2.764
5.565;2.761
5.562;2.761
5.563;2.759
5.563;2.762
5.564;2.764
5.565;2.771
5.562;2.756
5.562;2.759
5.565;2.762
5.563;2.76
5.56;2.753
5.562;2.756
5.563;2.762
5.563;2.761
5.562;2.764
5.565;2.764
5.561;2.755
5.562;2.757
5.565;2.765
5.558;2.755
5.562;2.758
5.562;2.762
5.564;2.768
5.567;2.767
5.558;2.757
5.56;2.756
5.562;2.758
5.562;2.756
5.564;2.757
5.56;2.759
5.564;2.769
5.56;2.756
5.564;2.767
5.566;2.763
5.557;2.751
5.559;2.756
5.562;2.763
5.56;2.758
5.562;2.762
5.565;2.763
5.562;2.763
5.564;2.761
5.562;2.76
5.561;2.761
5.563;2.766
5.564;2.766
5.563;2.762
5.566;2.764
5.562;2.753
5.561;2.759
5.559;2.76
5.561;2.758
5.563;2.761
5.561;2.758
5.558;2.753
5.563;2.761
5.566;2.764
5.563;2.767
5.564;2.761
5.566;2.771
5.566;2.767
5.56;2.758
5.561;2.757
5.563;2.763
5.56;2.754
5.564;2.762
5.56;2.764
5.567;2.766
5.565;2.766
5.563;2.762
5.564;2.763
5.563;2.761
5.564;2.769
5.562;2.755
5.562;2.756
5.562;2.761
5.565;2.763
5.562;2.768
5.561;2.758
5.563;2.765
5.56;2.762
5.564;2.766
5.565;2.769
5.564;2.761
5.565;2.761
5.561;2.755
5.563;2.76
5.565;2.761
5.563;2.757
5.563;2.763
5.563;2.763
5.556;2.749
5.555;2.747
5.559;2.751
5.56;2.747
5.557;2.753
5.557;2.75
5.557;2.748
5.553;2.747
5.551;2.739
5.55;2.734
5.546;2.724
5.543;2.723
5.538;2.721
5.534;2.717
5.565;2.76
5.561;2.754
5.564;2.766
5.564;2.761
5.562;2.76
5.566;2.757
5.563;2.715
5.56;2.712
5.559;2.72
5.561;2.766
5.565;2.758
5.562;2.713
5.568;2.713
5.595;2.72
5.565;2.726
5.569;2.702
5.601;2.718
5.597;2.711
5.604;2.728
5.605;2.703
5.612;2.722
5.631;2.723
5.637;2.721
5.651;2.722
5.655;2.723
5.661;2.719
5.66;2.713
5.669;2.714
5.681;2.714
5.681;2.721
5.675;2.72
5.705;2.718
5.707;2.718
5.719;2.717
5.723;2.717
5.718;2.713
5.716;2.713
5.714;2.711
5.747;2.709
5.753;2.705
5.771;2.698
5.773;2.785
5.767;2.732
5.777;2.746
5.785;2.745
5.794;2.751
5.799;2.761
5.799;2.759
5.798;2.76
5.81;2.742
5.809;2.742
5.811;2.744
5.815;2.741
5.816;2.728
5.819;2.732
5.816;2.701
5.818;2.694
5.823;2.678
5.817;2.665
5.812;2.647
5.796;2.623
5.787;2.612
5.796;2.616
5.826;2.677
5.827;2.667
5.831;2.675
5.838;2.655
5.84;2.654
5.844;2.654
5.84;2.646
5.846;2.651
5.85;2.637
5.845;2.642
5.848;2.57
5.85;2.641
5.857;2.522
5.844;2.554
5.842;2.593
5.813;2.523
5.929;2.565
5.785;2.599
5.809;2.554
5.809;2.548
5.797;2.561
5.792;2.558
5.798;2.549
5.859;2.452
5.854;2.442
5.849;2.512
5.846;2.491
5.852;2.468
5.833;2.499
5.833;2.496
5.832;2.495
5.833;2.492
5.852;2.479
5.845;2.476
5.848;2.478
5.848;2.47
5.837;2.457
5.847;2.421
5.832;2.431
5.833;2.435
5.834;2.428
5.828;2.418
5.829;2.4
5.828;2.4
5.824;2.471
5.821;2.404
5.804;2.409
5.813;2.4
5.807;2.384
5.803;2.376
5.801;2.369
5.805;2.364
5.797;2.368
5.802;2.375
5.798;2.36
5.795;2.329
5.794;2.225
5.788;2.394
5.788;2.388
5.785;2.38
5.788;2.384
5.779;2.364
5.775;2.362
5.773;2.365
5.77;2.338
5.768;2.329
5.766;2.334
5.758;2.307
5.754;2.305
5.761;2.316
5.754;2.302
5.752;2.302
5.748;2.293
5.742;2.288
5.701;2.207
5.717;2.252
5.724;2.246
5.731;2.246
5.717;2.236
5.719;2.241
5.713;2.236
5.704;2.234
5.731;2.22
5.744;2.215
5.702;2.211
5.737;2.21
5.694;2.2
5.691;2.199
5.706;2.216
5.714;2.212
5.706;2.195
5.695;2.167
5.675;2.419
5.692;2.409
5.69;2.142
5.678;2.186
5.67;2.135
5.663;2.39
5.663;2.115
5.653;2.199
5.656;2.206
5.653;2.196
5.624;2.168
5.614;2.158
5.777;2.088
5.645;2.07
5.641;2.071
5.639;2.066
5.635;2.066
5.64;2.056
5.619;2.052
5.621;2.05
5.619;2.035
5.604;1.993
5.603;2.015
5.615;2.022
5.618;2.039
5.617;2.019
5.616;1.751
5.619;2.035
5.621;2.031
5.622;2.027
5.615;2.013
5.621;2.007
5.612;1.998
5.607;1.976
5.61;2.001
5.605;2.001
5.601;2.007
5.602;1.996
5.596;1.995
5.596;1.989
5.59;1.978
5.591;1.974
5.588;1.973
5.587;1.917
5.586;1.948
5.584;1.955
5.583;1.946
5.587;1.96
5.582;1.949
5.581;1.948
5.581;1.955
5.576;1.943
5.586;1.95
5.582;1.946
5.579;1.95
5.581;1.958
5.585;1.963
5.575;1.952
5.581;1.95
5.584;1.951
5.581;1.947
5.584;1.946
5.587;1.949
5.579;1.947
5.577;1.948
5.582;1.949
5.576;1.95
5.584;1.947
5.583;1.951
5.584;1.948
5.583;1.948
5.58;1.948
5.581;1.947
5.58;1.948
5.582;1.95
5.58;1.952
5.578;1.95
5.578;1.947
5.584;1.949
5.581;1.949
5.575;1.949
5.582;1.947
5.583;1.948
5.578;1.951
5.578;1.95
5.576;1.95
5.579;1.949
5.575;1.95
5.58;1.949
5.584;1.949
5.576;1.951
5.588;1.95
5.578;1.948
5.582;1.949
5.579;1.947
5.584;1.947
5.584;1.948
5.581;1.947
5.58;1.95
5.584;1.949
5.581;1.949
5.583;1.949
5.577;1.949
5.584;1.949
5.579;1.95
5.576;1.947
5.582;1.947
5.582;1.949
5.582;1.947
5.581;1.947
5.585;1.949
5.58;1.949
5.582;1.951
5.579;1.949
5.581;1.947
5.579;1.947
5.581;1.949
5.584;1.946
5.58;1.952
5.586;1.949
5.582;1.948
5.581;1.949
5.579;1.951
5.584;1.949
5.582;1.949
5.586;1.947
5.58;1.951
5.579;1.951
5.583;1.945
5.578;1.947
5.582;1.948
5.58;1.947
5.586;1.949
5.584;1.951
5.585;1.947
5.579;1.951
5.581;1.949
5.585;1.947
5.585;1.947
5.586;1.949
5.582;1.947
5.582;1.946
5.583;1.951
5.584;1.95
5.579;1.948
5.584;1.947
5.586;1.949
5.588;1.949
5.587;1.947
5.584;1.948
5.58;1.947
5.581;1.955
5.583;1.95
5.582;1.948
5.584;1.949
5.581;1.948
5.58;1.949
5.573;1.949
5.579;1.951
5.585;1.949
5.582;1.949
5.588;1.944
5.579;1.947
5.583;1.949
5.584;1.947
5.582;1.947
5.583;1.947
5.583;1.949
5.583;1.949
5.578;1.948
5.584;1.95
5.579;1.953
5.586;1.949
5.581;1.948
5.576;1.95
5.58;1.948
5.584;1.947
5.581;1.951
5.578;1.949
5.584;1.948
5.582;1.949
5.585;1.949
5.579;1.95
5.581;1.946
5.582;1.949
5.58;1.946
5.576;1.946
5.578;1.949
5.58;1.948
5.583;1.947
5.584;1.949
5.578;1.949
5.578;1.948
5.578;1.949
5.582;1.949
5.583;1.951
5.58;1.949
5.581;1.949
5.586;1.95
5.583;1.946
5.584;1.947
5.581;1.949
5.585;1.949
5.587;1.948
5.581;1.947
5.581;1.946
5.58;1.948
5.586;1.947
5.584;1.946
5.579;1.951
5.578;1.949
5.582;1.949
5.577;1.95
5.58;1.947
5.578;1.948
5.582;1.948
5.583;1.949
5.583;1.949
5.584;1.947
5.586;1.947
5.578;1.949
5.584;1.948
5.581;1.948
5.577;1.949
5.58;1.947
5.584;1.949
5.576;1.949
5.582;1.946
5.584;1.949
5.584;1.947
5.578;1.951
5.587;1.947
5.583;1.948
5.579;1.948
5.582;1.948
5.58;1.948
5.584;1.949
5.582;1.946
5.579;1.948
5.579;1.948
5.581;1.95
5.581;1.947
5.57;1.952
5.584;1.949
5.581;1.954
5.582;1.95
5.58;1.951
5.579;1.947
5.58;1.95
5.582;1.947
5.645;1.946
5.58;1.952
5.589;1.943
5.587;1.944
5.599;1.936
5.785;1.928
5.775;1.915
5.724;1.904
5.614;1.898
5.578;1.898
5.555;1.885
5.561;1.875
5.557;1.87
5.555;1.862
5.561;1.855
5.556;1.836
5.552;1.816
5.549;1.799
5.536;1.817
5.534;1.8
5.545;1.777
5.508;1.766
5.547;1.756
5.548;1.741
5.528;1.734
5.515;1.732
5.496;1.729
5.502;1.723
5.5;1.72
5.504;1.718
5.491;1.711
5.485;1.705
5.486;1.699
5.495;1.692
5.49;1.688
5.487;1.682
5.47;1.674
5.473;1.667
5.47;1.658
5.468;1.649
5.467;1.641
5.459;1.63
5.462;1.619
5.464;1.604
5.455;1.591
5.447;1.568
5.443;1.565
5.533;1.557
5.472;1.551
5.445;1.535
5.446;1.525
5.429;1.51
5.431;1.492
5.437;1.471
5.432;1.459
5.434;1.443
5.369;1.434
5.413;1.426
5.41;1.414
5.396;1.407
5.421;1.398
5.403;1.391
5.398;1.365
5.388;1.356
5.387;1.346
5.408;1.357
5.393;1.343
5.384;1.334
5.39;1.35
5.398;1.348
5.395;1.348
5.397;1.348
5.402;1.35
5.393;1.352
5.387;2.461
5.372;2.457
5.355;2.329
5.355;2.387
5.358;2.404
5.358;2.378
5.35;2.377
5.343;1.24
5.34;1.238
5.34;1.24
5.332;1.241
5.348;1.245
5.341;1.24
5.343;1.24
5.338;1.24
5.341;1.236
5.34;1.239
5.339;1.238
5.335;1.238
5.344;1.24
5.337;1.239
5.34;1.241
5.338;1.24
5.343;1.239
5.338;1.241
5.34;1.24
5.334;1.239
5.322;1.211
5.292;1.163
5.285;1.143
5.283;1.129
5.282;1.125
5.28;1.121
5.286;1.125
5.25;1.12
5.269;1.117
5.274;1.111
5.275;1.113
5.255;1.106
5.258;1.1
5.264;1.09
5.248;1.078
5.254;1.072
5.249;1.065
5.234;1.057
5.244;1.06
5.253;1.075
5.208;1.001
5.21;0.992
5.213;0.979
5.232;1.025
5.235;1.032
5.229;1.018
5.23;0.999
5.22;0.988
5.222;0.985
5.196;0.967
5.203;0.918
5.199;0.916
5.19;0.879
5.175;0.923
5.177;0.913
5.179;0.913
5.175;0.915
5.181;0.915
5.16;0.888
5.142;0.863
5.14;0.868
5.078;0.856
5.131;0.881
5.135;0.885
5.127;0.89
5.124;0.91
5.118;0.902
5.108;0.905
5.099;0.888
5.091;0.876
5.096;0.828
5.1;0.814
5.107;0.8
5.035;0.772
5.01;0.858
5.051;0.854
4.977;0.772
5.025;0.859
5.018;0.859
5.008;0.757
4.963;0.808
4.945;0.815
4.954;0.86
4.926;0.811
4.924;0.809
4.912;0.91
4.906;0.91
4.904;0.812
4.85;0.897
4.849;0.909
4.835;0.913
4.826;0.918
4.87;0.92
4.818;0.929
4.815;0.924
4.787;0.938
4.797;0.938
4.795;0.94
4.795;0.947
4.781;0.951
4.915;0.947
4.827;0.957
4.768;0.96
4.762;0.966
4.806;0.974
4.76;0.976
4.788;0.968
4.815;0.992
4.755;0.979
4.759;0.979
4.765;0.97
4.765;0.974
4.768;0.971
4.771;0.965
4.761;0.976
4.758;0.974
4.762;0.971
4.763;0.969
4.765;0.973
4.763;0.97
4.76;0.971
4.766;0.974
4.765;0.975
4.763;0.975
4.764;0.972
4.765;0.973
4.763;0.972
4.761;0.97
4.763;0.97
4.797;0.979
4.764;0.971
4.762;0.97
4.759;0.976
4.763;0.98
4.761;0.97
4.764;0.975
4.76;0.973
4.762;0.977
4.757;0.972
4.759;0.973
4.765;0.979
4.758;0.976
4.75;0.996
4.75;0.984
4.746;0.995
4.738;0.995
4.736;1.004
4.712;1.015
4.694;1.026
4.65;1.055
4.717;1.044
4.632;0.924
4.615;1.05
4.593;0.942
4.575;0.931
4.559;1.034
4.536;1.042
4.535;1.051
4.51;0.919
4.557;1.029
4.501;1.03
4.512;0.996
4.5;1.032
4.494;0.907
4.519;1.025
4.497;1.033
4.551;1.024
4.544;1.017
4.516;0.951
4.517;0.979
4.496;0.968
4.539;1.016
4.517;0.98
4.587;1.034
4.517;1.041
4.515;0.979
4.494;0.936
4.518;0.971
4.52;0.988
4.499;1.025
4.497;0.93
4.493;1.026
4.51;0.934
4.502;0.94
4.516;1.043
4.517;1.045
4.514;0.97
4.522;1.033
4.533;1.038
4.519;1.036
4.517;1.04
4.516;1.039
4.515;1.033
4.554;1.035
4.517;0.989
4.494;1.038
4.52;1.034
4.518;0.948
4.52;0.977
4.505;0.953
4.517;0.975
4.515;0.965
4.522;0.985
4.517;1.025
4.516;0.978
4.518;1.025
4.498;0.947
4.52;1.032
4.517;0.979
4.516;1.029
4.517;0.964
4.515;0.918
4.512;0.941
4.503;1.0
4.485;0.95
4.463;1.042
4.419;0.995
4.402;1.028
4.387;0.965
4.371;0.972
4.363;1.032
4.36;1.037
4.348;1.03
4.335;1.017
4.33;1.007
4.321;1.053
4.315;1.037
4.3;1.045
4.294;1.044
4.288;1.042
4.281;1.045
4.273;1.025
4.265;1.054
4.258;1.025
4.235;1.029
4.213;1.038
4.202;1.027
4.187;1.024
4.174;1.018
4.166;1.022
4.155;1.017
4.142;1.025
4.132;1.016
4.119;1.014
4.107;1.007
4.093;1.007
4.089;1.001
4.073;1.008
4.061;1.006
4.052;1.0
4.038;1.004
4.024;1.001
4.015;1.0
4.005;0.997
3.995;1.002
3.982;1.001
3.963;1.008
3.946;1.007
3.927;1.008
3.907;1.004
3.901;0.988
3.891;0.993
3.883;0.99
3.869;0.989
3.86;0.994
3.853;1.009
3.838;1.012
3.821;1.012
3.811;1.019
3.791;1.014
3.776;1.007
3.764;1.008
3.751;1.007
3.735;1.011
3.719;1.011
3.706;1.012
3.69;1.007
3.679;1.003
3.665;1.002
3.656;0.988
3.637;0.995
3.625;0.992
3.612;0.991
3.598;0.995
3.586;0.986
3.57;1.003
3.551;1.011
3.547;1.0
3.547;1.008
3.546;1.008
3.547;1.005
3.547;1.004
3.546;1.004
3.548;1.007
3.546;1.008
3.545;1.007
3.545;1.005
3.547;1.006
3.547;1.006
3.547;1.006
3.547;1.007
3.548;1.008
3.545;1.008
3.545;1.003
3.547;1.017
3.54;1.014
3.535;1.003
3.505;1.006
3.482;1.0
3.458;0.999
3.438;0.992
3.412;1.005
3.401;0.991
3.386;0.983
3.37;0.957
3.348;0.979
3.329;0.99
3.314;0.985
3.302;0.984
3.288;0.988
3.276;0.987
3.262;0.997
3.253;1.001
3.242;1.004
3.232;1.007
3.216;1.005
3.203;1.006
3.191;1.008
3.183;1.015
3.171;1.019
3.151;1.008
3.131;1.004
3.113;1.007
3.097;1.007
3.079;1.009
3.062;1.006
3.049;1.007
3.043;1.009
3.037;1.012
3.029;1.011
3.018;1.013
3.001;1.015
2.982;1.014
2.97;1.012
2.967;1.013
2.968;1.013
2.971;1.013
2.97;1.012
2.971;1.012
2.972;1.01
2.971;1.014
2.97;1.013
2.971;1.012
2.97;1.014
2.972;1.012
2.972;1.015
2.971;1.017
2.97;1.012
2.97;1.017
2.969;1.014
2.971;1.012
2.948;1.01
2.962;1.014
2.966;1.022
2.957;1.019
2.945;1.016
2.934;1.009
2.905;1.006
2.878;1.003
2.855;1.005
2.844;1.0
2.831;0.996
2.814;1.003
2.805;0.994
2.804;0.988
2.77;0.992
2.79;0.997
2.774;0.999
2.741;0.996
2.735;0.991
2.735;0.996
2.72;0.992
2.734;1.004
2.674;0.994
2.706;1.0
2.755;0.954
2.74;0.967
2.727;0.996
2.717;1.002
2.71;1.002
2.681;1.005
2.674;1.006
2.651;1.0
2.637;0.997
2.606;1.001
2.588;0.995
2.571;0.99
2.542;1.01
2.533;1.022
2.514;1.002
2.526;1.002
2.535;1.008
2.54;1.005
2.526;1.011
2.527;1.009
2.524;1.004
2.521;1.011
2.542;1.003
2.537;1.009
2.536;1.005
2.524;1.007
2.518;1.036
2.538;1.006
2.534;1.01
2.523;1.001
2.534;1.006
2.511;1.008
2.507;1.007
2.504;1.011
2.493;1.009
2.482;1.008
2.472;1.002
2.458;1.01
2.435;1.02
2.422;1.017
2.415;1.016
2.399;1.018
2.383;1.01
2.382;1.008
2.345;1.029
2.319;1.046
2.326;1.018
2.311;1.014
2.298;1.018
2.277;1.017
2.264;1.027
2.252;1.007
2.234;1.017
2.223;1.016
2.21;1.014
2.215;1.004
2.198;1.005
2.17;1.009
2.172;1.053
2.159;1.046
2.163;0.997
2.126;1.019
2.116;1.01
2.092;1.037
2.073;1.019
2.057;1.024
2.045;1.007
2.022;0.996
2.003;1.016
1.985;1.023
1.967;1.028
1.963;1.038
1.979;1.03
1.983;1.027
1.981;1.029
1.982;1.026
1.984;1.033
1.982;1.033
1.984;1.029
1.983;1.029
1.962;1.032
1.967;1.03
1.984;1.031
1.982;1.03
1.965;1.033
1.963;1.03
1.962;1.03
1.982;1.035
1.982;1.03
1.981;1.03
1.989;1.031
1.986;1.033
1.534;1.02
1.958;1.028
1.926;1.034
1.926;1.031
1.85;1.034
1.438;1.038
1.873;1.06
1.878;1.055
1.875;1.09
1.844;1.053
1.831;1.064
1.817;1.084
1.802;1.1
1.785;1.102
1.772;1.119
1.754;1.12
1.749;1.113
1.733;1.113
1.724;1.131
1.729;1.148
1.699;1.161
1.687;1.176
1.682;1.187
1.674;1.187
1.666;1.184
1.665;1.183
1.68;1.197
1.674;1.206
1.677;1.22
1.682;1.237
1.675;1.248
1.674;1.261
1.677;1.272
1.68;1.285
1.67;1.292
1.686;1.298
1.68;1.324
1.671;1.35
1.677;1.365
1.679;1.362
1.677;1.362
1.676;1.358
1.677;1.363
1.663;1.341
1.663;1.34
1.663;1.337
1.661;1.333
1.659;1.329
1.656;1.33
1.656;1.327
1.659;1.33
1.657;1.332
1.654;1.329
1.655;1.328
1.658;1.329
1.657;1.33
1.658;1.326
1.656;1.329
1.656;1.325
1.657;1.327
1.659;1.332
1.659;1.33
1.657;1.33
1.655;1.328
1.655;1.325
1.657;1.33
1.655;1.326
1.657;1.328
1.656;1.33
1.654;1.327
1.655;1.329
1.661;1.331
1.657;1.33
1.657;1.328
1.656;1.324
1.656;1.327
1.654;1.33
1.653;1.328
1.653;1.326
1.654;1.325
1.658;1.328
1.655;1.331
1.657;1.332
1.656;1.328
1.655;1.328
1.657;1.332
1.656;1.33
1.656;1.327
1.653;1.327
1.654;1.328
1.654;1.327
1.654;1.325
1.658;1.334
1.657;1.331
1.657;1.33
1.658;1.333
1.657;1.328
1.654;1.331
1.656;1.331
1.653;1.33
1.658;1.328
1.658;1.329
1.656;1.326
1.654;1.325
1.677;1.361
1.676;1.361
1.673;1.358
1.674;1.356
1.672;1.356
1.673;1.354
1.673;1.354
1.675;1.355
1.669;1.348
1.68;1.369
1.675;1.352
1.673;1.353
1.674;1.358
1.678;1.359
1.675;1.359
1.677;1.362
1.662;1.339
1.664;1.338
1.662;1.335
1.66;1.333
1.657;1.329
1.655;1.327
1.66;1.331
1.659;1.33
1.656;1.327
1.658;1.331
1.655;1.326
1.658;1.334
1.66;1.336
1.658;1.333
1.658;1.329
1.655;1.325
1.659;1.332
1.659;1.334
1.659;1.33
1.656;1.331
1.657;1.332
1.656;1.327
1.658;1.332
1.658;1.329
1.656;1.327
1.653;1.323
1.656;1.328
1.658;1.333
1.658;1.331
1.658;1.331
1.655;1.328
1.654;1.326
1.658;1.331
1.656;1.334
1.656;1.331
1.656;1.329
1.654;1.326
1.659;1.335
1.659;1.33
1.658;1.33
1.657;1.329
1.677;1.36
1.674;1.358
1.678;1.365
1.678;1.366
1.68;1.365
1.677;1.362
1.679;1.361
1.679;1.363
1.678;1.359
1.681;1.365
1.676;1.361
1.675;1.359
1.679;1.365
1.681;1.366
1.678;1.366
1.679;1.362
1.673;1.358
1.673;1.36
1.671;1.358
1.675;1.358
1.676;1.36
1.671;1.354
1.675;1.356
1.686;1.375
1.68;1.365
1.68;1.37
1.671;1.353
1.674;1.356
1.675;1.356
1.654;1.325
1.657;1.331
1.654;1.329
1.656;1.331
1.663;1.335
1.661;1.333
1.661;1.332
1.659;1.333
1.659;1.351
1.655;1.367
1.661;1.365
1.66;1.377
1.668;1.382
1.665;1.383
1.664;1.381
1.671;1.385
1.686;1.389
1.678;1.384
1.716;1.428
1.707;1.415
1.692;1.414
1.7;1.443
1.684;1.408
1.671;1.387
1.667;1.388
1.675;1.387
1.683;1.383
1.677;1.379
1.685;1.373
1.678;1.381
1.68;1.382
1.678;1.379
1.676;1.374
1.672;1.379
1.678;1.378
1.677;1.38
1.685;1.382
1.683;1.381
1.698;1.42
1.675;1.388
1.676;1.419
1.679;1.421
1.679;1.418
1.668;1.417
1.668;1.427
1.667;1.429
1.664;1.428
1.665;1.427
1.668;1.424
1.67;1.423
1.67;1.418
1.669;1.417
1.667;1.414
1.669;1.418
1.671;1.414
1.67;1.418
1.672;1.414
1.665;1.405
1.668;1.407
1.663;1.384
1.668;1.388
1.662;1.383
1.662;1.416
1.676;1.406
1.682;1.408
1.684;1.409
1.675;1.414
1.677;1.408
1.68;1.407
1.677;1.402
1.676;1.408
1.671;1.409
1.679;1.411
1.68;1.413
1.675;1.41
1.679;1.409
1.675;1.407
1.726;1.408
1.681;1.411
1.679;1.411
1.678;1.407
1.699;1.413
1.672;1.417
1.677;1.405
1.675;1.412
1.676;1.418
1.674;1.414
1.677;1.406
1.676;1.412
1.707;1.41
1.68;1.409
1.679;1.416
1.68;1.407
1.681;1.414
1.675;1.413
1.679;1.413
1.676;1.416
1.678;1.402
1.685;1.404
1.687;1.407
1.677;1.406
1.675;1.413
1.69;1.408
1.679;1.41
1.681;1.412
1.677;1.41
1.676;1.406
1.671;1.409
1.674;1.407
1.673;1.405
1.68;1.414
1.68;1.415
1.67;1.412
1.681;1.401
1.689;1.407
1.677;1.409
1.674;1.407
1.676;1.412
1.671;1.409
1.675;1.408
1.677;1.422
1.677;1.405
1.673;1.414
1.674;1.394
1.675;1.313
1.72;1.327
1.666;1.298
1.653;1.399
1.725;1.402
1.679;1.443
1.651;1.408
1.641;1.42
1.697;1.513
1.693;1.53
1.697;1.514
1.701;1.539
1.706;1.597
1.662;1.588
1.644;1.586
1.641;1.598
1.649;1.617
1.638;1.635
1.636;1.66
1.624;1.689
1.619;1.702
1.621;1.708
1.629;1.737
1.629;1.786
1.623;1.802
1.617;1.782
1.612;1.794
1.644;1.804
1.61;1.814
1.614;1.832
1.607;1.849
1.6;1.863
1.597;1.911
1.605;1.918
1.602;1.917
1.598;1.926
1.606;1.903
1.608;1.925
1.611;1.924
1.608;1.917
1.61;1.922
1.621;1.931
1.612;1.923
1.641;1.973
1.624;1.952
1.601;1.933
1.604;1.941
1.618;1.942
1.608;1.946
1.606;1.942
1.605;1.942
1.611;1.945
1.611;1.947
1.608;1.947
1.605;1.942
1.611;1.943
1.611;1.942
1.614;1.942
1.607;1.943
1.61;1.941
1.608;1.943
1.67;1.942
1.62;1.944
1.611;1.945
1.61;1.944
1.612;1.947
1.614;1.946
1.621;1.939
1.609;1.946
1.61;1.946
1.611;1.943
1.611;1.944
1.611;1.945
1.611;1.944
1.61;1.951
1.617;1.95
1.62;1.954
1.616;1.956
1.621;1.956
1.631;1.98
1.537;1.825
1.547;1.857
1.614;1.969
1.624;1.983
1.628;1.985
1.627;1.985
1.617;1.972
1.62;1.972
1.608;1.968
1.655;2.046
1.637;2.01
1.638;2.008
1.635;2.002
1.628;1.997
1.636;2.001
1.665;2.051
1.641;2.018
1.643;2.024
1.64;2.019
1.649;2.033
1.646;2.031
1.641;2.018
1.643;2.017
1.665;2.055
1.676;2.069
1.632;2.01
1.633;2.011
1.645;2.012
1.645;2.013
1.634;2.013
1.637;2.008
1.639;2.009
1.639;2.015
1.63;2.012
1.626;2.016
1.633;2.024
1.636;2.026
1.546;1.879
1.635;2.03
1.636;2.027
1.643;2.036
1.646;2.042
1.654;2.045
1.656;2.053
1.659;2.063
1.653;2.061
1.672;2.06
1.635;2.05
1.49;2.057
1.686;2.058
1.476;2.049
1.97;1.585
1.507;2.053
1.488;2.059
1.511;2.06
1.498;2.063
1.674;2.051
1.559;2.046
1.65;2.073
1.663;2.068
1.676;2.074
1.677;2.066
1.651;2.071
1.658;2.079
1.658;2.087
1.659;2.051
1.598;2.052
1.638;2.054
1.967;1.593
1.669;2.071
1.667;2.073
1.671;2.06
1.673;2.062
1.678;2.063
1.67;2.068
1.668;2.072
1.675;2.073
1.68;2.063
1.631;2.068
1.668;2.069
1.665;2.073
1.639;2.075
1.674;2.084
1.667;2.085
1.67;2.08
1.669;2.135
1.681;2.068
1.684;2.068
1.63;2.116
1.665;2.118
1.667;2.117
1.671;2.115
1.639;2.126
1.671;2.152
1.63;2.052
1.662;2.062
1.668;2.068
1.959;1.619
1.652;2.096
1.646;2.112
1.676;2.086
1.666;2.328
1.67;2.075
1.677;2.078
1.669;2.364
1.682;2.09
1.663;2.076
1.494;2.047
1.535;2.104
1.631;2.1
1.663;2.11
1.639;2.16
1.518;2.231
1.632;2.296
1.637;2.406
1.642;2.531
1.651;2.693
1.628;2.703
1.613;2.692
1.618;2.694
1.642;2.697
1.615;2.696
1.645;2.738
1.641;2.736
1.642;2.739
1.646;2.74
1.617;2.692
1.614;2.692
1.643;2.692
1.641;2.694
1.641;2.694
1.646;2.746
1.619;2.694
1.616;2.694
1.644;2.695
1.642;2.695
1.644;2.692
1.644;2.695
1.642;2.694
1.643;2.694
1.645;2.692
1.641;2.691
1.645;2.693
1.621;2.693
1.617;2.696
1.616;2.694
1.617;2.695
1.612;2.693
1.62;2.697
1.641;2.695
1.642;2.694
1.644;2.691
1.641;2.695
1.616;2.691
1.643;2.694
1.646;2.692
1.646;2.691
1.648;2.694
1.643;2.691
1.641;2.693
1.643;2.694
1.646;2.692
1.64;2.695
1.642;2.697
1.647;2.694
1.643;2.702
1.649;2.741
1.646;2.728
1.64;2.722
1.637;2.716
1.64;2.711
1.64;2.728
1.639;2.726
1.647;2.763
1.648;2.768
1.644;2.779
1.648;2.812
1.641;2.795
1.626;2.846
1.669;2.862
1.651;2.893
1.656;2.882
1.655;2.883
1.661;2.896
1.663;2.895
1.67;2.917
1.671;2.926
1.691;2.975
1.658;2.981
1.697;2.987
1.702;2.993
1.702;2.99
1.706;2.996
1.709;3.002
1.709;2.996
1.708;2.999
1.708;2.997
1.716;3.001
1.709;2.994
1.708;3.001
1.707;3.0
1.71;3.006
1.707;2.993
1.708;3.002
1.713;3.007
1.711;3.005
1.708;2.998
1.708;3.001
1.707;2.992
1.708;2.999
1.705;2.998
1.707;3.004
1.707;3.001
1.708;2.995
1.708;3.003
1.708;2.997
1.71;3.0
1.711;2.999
1.71;2.995
1.705;2.988
1.711;3.003
1.707;2.997
1.701;2.993
1.708;2.998
1.709;2.999
1.708;2.992
1.707;3.008
1.707;2.989
1.707;2.997
1.708;2.99
1.706;2.996
1.71;3.002
1.707;2.998
1.706;2.994
1.708;2.998
1.707;2.995
1.705;2.998
1.71;3.001
1.714;3.008
1.709;3.006
1.706;2.993
1.709;2.983
1.704;2.99
1.708;2.995
1.705;2.998
1.709;2.995
1.705;2.994
1.708;2.989
1.709;2.993
1.707;3.003
1.711;3.005
1.711;3.006
1.711;3.0
1.706;2.993
1.706;2.999
1.707;2.998
1.708;2.994
1.707;2.989
1.706;2.99
1.708;2.995
1.717;3.008
1.708;3.005
1.707;2.991
1.706;2.997
1.707;2.995
1.705;2.996
1.704;2.99
1.71;3.0
1.709;2.999
1.707;2.995
1.707;3.001
1.703;2.997
1.706;2.986
1.708;2.998
1.706;2.994
1.708;2.997
1.709;3.003
1.706;2.995
1.703;2.99
1.71;3.004
1.707;2.999
1.707;3.002
1.714;3.014
1.702;2.995
1.708;2.999
1.705;2.998
1.708;2.998
1.707;2.998
1.704;2.991
1.707;2.998
1.704;2.995
1.707;2.994
1.709;3.001
1.713;3.006
1.708;3.006
1.708;2.996
1.711;3.005
1.711;2.999
1.706;2.994
1.706;2.999
1.707;2.997
1.711;3.0
1.707;2.995
1.708;2.996
1.706;2.994
1.71;3.001
1.708;2.999
1.709;2.998
1.707;2.997
1.707;2.999
1.706;2.995
1.705;2.991
1.705;2.992
1.708;2.995
1.708;3.0
1.709;3.002
1.706;2.997
1.708;2.999
1.709;3.0
1.712;3.002
1.705;2.993
1.705;2.994
1.708;2.998
1.709;2.998
1.707;2.998
1.71;2.999
1.71;2.999
1.705;2.994
1.709;3.003
1.712;3.005
1.707;2.997
1.704;2.997
1.706;2.993
1.702;2.987
1.706;2.992
1.706;2.997
1.711;3.004
1.708;2.996
1.708;3.0
1.712;3.012
1.711;3.006
1.701;2.992
1.704;2.989
1.708;3.0
1.71;3.001
1.707;2.99
1.703;2.992
1.702;2.989
1.707;2.997
1.706;3.003
1.709;2.999
1.708;3.002
1.706;2.992
1.705;2.995
1.706;3.0
1.704;2.995
1.71;3.0
1.711;3.005
1.703;2.993
1.704;2.992
1.708;3.005
1.704;2.997
1.707;2.997
1.707;2.997
1.7;2.993
1.705;2.998
1.703;2.988
1.707;2.994
1.708;2.993
1.706;2.99
1.708;3.003
1.705;3.0
1.707;3.0
1.709;2.994
1.709;3.002
1.705;2.993
1.705;2.995
1.705;2.993
1.707;2.99
1.707;2.996
1.708;3.003
1.708;3.0
1.708;3.001
1.71;2.993
1.708;2.999
1.707;3.002
1.708;2.998
1.702;2.992
1.708;2.992
1.709;3.001
1.706;2.993
1.708;2.998
1.708;3.003
1.713;3.004
1.711;3.011
1.708;3.006
1.708;2.998
1.707;3.005
1.709;3.005
1.707;2.998
1.707;2.998
1.704;2.994
1.705;2.999
1.711;2.998
1.708;3.002
1.706;2.994
1.708;2.995
1.71;3.001
1.704;2.99
1.707;2.999
1.7;2.995
1.702;2.994
1.705;3.005
1.706;3.001
1.707;2.997
1.727;3.032
1.733;3.026
1.712;3.024
1.711;3.027
1.715;3.028
1.714;3.028
1.709;3.029
1.7;3.029
1.702;3.029
1.701;3.026
1.702;3.026
1.703;3.026
1.7;3.034
1.696;3.029
1.698;3.032
1.696;3.032
1.699;3.032
1.701;3.033
1.699;3.029
1.698;3.035
1.699;3.032
1.702;3.029
1.7;3.035
1.699;3.031
1.699;3.035
1.696;3.032
1.702;3.03
1.699;3.033
1.702;3.033
1.701;3.026
1.702;3.029
1.7;3.03
1.702;3.03
1.699;3.034
1.696;3.034
1.702;3.032
1.697;3.032
1.701;3.03
1.703;3.033
1.701;3.03
1.708;3.023
1.699;3.035
1.699;3.033
1.702;3.03
1.703;3.026
1.699;3.036
1.703;3.027
1.699;3.033
1.7;3.035
1.699;3.033
1.698;3.034
1.752;3.029
1.72;3.007
1.727;2.98
1.729;2.974
1.723;2.967
1.724;2.966
1.746;2.97
1.748;2.976
1.745;2.974
1.745;2.967
1.749;2.95
1.742;2.993
1.745;3.0
1.745;2.997
1.733;2.99
1.74;2.992
1.743;2.992
1.74;2.985
1.736;2.997
1.732;2.994
1.74;3.019
1.735;3.011
1.73;3.003
1.732;3.003
1.73;3.003
1.733;3.003
1.734;3.007
1.733;3.006
1.733;3.009
1.734;3.005
1.731;3.003
1.732;2.997
1.731;2.993
1.729;2.993
1.726;2.99
1.713;3.007
1.71;3.01
1.707;3.012
1.712;3.008
1.712;3.006
1.712;3.008
1.717;2.996
1.72;2.987
1.724;2.978
1.723;2.975
1.718;2.973
1.709;2.971
1.711;2.971
1.71;2.971
1.716;2.973
1.712;2.974
1.713;2.971
1.709;2.971
1.711;2.973
1.71;2.975
1.712;2.971
1.709;2.969
1.714;2.97
1.715;2.969
1.711;2.962
1.712;2.964
1.704;2.973
1.673;2.996
1.681;2.993
1.707;3.016
1.688;3.001
1.681;3.011
1.679;3.009
1.677;3.004
1.684;3.051
1.685;3.081
1.697;3.039
1.734;3.06
1.732;3.056
1.729;3.058
1.731;3.055
1.728;3.055
1.733;3.056
1.736;3.056
1.736;3.057
1.733;3.054
1.746;3.078
1.746;3.077
1.75;3.073
1.75;3.071
1.753;3.079
1.767;3.081
1.79;3.091
1.809;3.095
1.834;3.108
1.86;3.106
1.892;3.132
1.917;3.134
1.933;3.143
1.946;3.167
1.943;3.158
1.95;3.165
1.959;3.167
1.959;3.164
1.964;3.163
1.936;3.115
1.983;3.136
1.989;3.209
1.981;3.18
1.991;3.191
2.006;3.206
1.999;3.21
2.006;3.212
2.007;3.203
2.002;3.204
2.02;3.229
2.029;3.24
2.009;3.211
2.01;3.214
2.01;3.214
2.008;3.216
2.011;3.215
2.014;3.216
2.02;3.222
2.026;3.238
2.028;3.236
2.023;3.229
2.027;3.236
2.026;3.237
2.029;3.242
2.03;3.24
2.028;3.237
2.026;3.236
2.033;3.247
2.031;3.248
2.025;3.272
2.029;3.287
2.024;3.286
2.012;3.318
2.009;3.313
2.01;3.313
2.009;3.318
2.008;3.316
2.011;3.32
2.009;3.314
2.013;3.31
2.012;3.313
2.015;3.314
2.015;3.304
2.013;3.31
2.014;3.311
2.008;3.314
2.01;3.318
2.009;3.311
2.01;3.316
2.011;3.314
2.01;3.316
2.008;3.32
2.008;3.322
2.011;3.308
2.015;3.304
2.018;3.307
2.021;3.303
2.025;3.301
2.029;3.288
2.031;3.28
2.03;3.275
2.034;3.276
2.035;3.271
2.038;3.269
2.036;3.275
2.03;3.265
2.007;3.238
2.009;3.255
2.007;3.259
2.012;3.264
2.028;3.268
2.038;3.264
2.048;3.254
2.05;3.256
2.012;3.24
2.009;3.339
2.006;3.372
2.015;3.391
2.012;3.418
2.005;3.447
2.006;3.467
2.01;3.464
2.013;3.459
1.968;3.475
1.953;3.504
1.938;3.556
1.933;3.56
1.918;3.553
1.911;3.552
1.876;3.569
1.848;3.558
1.817;3.647
1.798;3.605
1.771;3.591
1.732;3.578
1.668;3.54
1.624;3.505
1.573;3.452
1.54;3.49
1.537;3.491
1.502;3.469
1.487;3.463
1.483;3.455
1.456;3.477
1.444;3.474
1.433;3.473
1.425;3.472
1.406;3.489
1.389;3.479
1.371;3.483
1.355;3.484
1.355;3.458
1.337;3.452
1.313;3.451
1.304;3.406
1.268;3.437
1.224;3.426
1.196;3.408
1.183;3.401
1.129;3.38
1.099;3.375
1.074;3.352
1.053;3.346
1.038;3.338
1.016;3.322
1.007;3.314
0.983;3.288
0.969;3.269
0.947;3.248
0.933;3.214
0.921;3.186
0.904;3.16
0.897;3.131
0.891;3.1
0.873;3.08
0.861;3.059
0.859;3.034
0.84;3.023
0.837;3.007
0.842;2.972
0.832;2.951
0.816;2.925
0.813;2.9
0.861;2.851
0.855;2.839
0.845;2.795
0.84;2.774
0.809;2.751
0.813;2.715
0.806;2.703
0.845;2.69
0.84;2.661
0.843;2.66
0.841;2.651
0.843;2.655
0.839;2.649
0.837;2.649
0.832;2.651
0.83;2.654
0.832;2.653
0.834;2.65
0.833;2.655
0.83;2.65
0.833;2.647
0.832;2.642
0.836;2.644
0.844;2.661
0.836;2.652
0.838;2.655
0.829;2.655
0.82;2.654
0.817;2.678
0.815;2.701
0.84;2.797
0.816;2.805
0.825;2.854
0.838;2.877
0.853;2.895
0.871;2.907
0.889;2.91
0.921;2.905
0.945;2.898
0.964;2.884
0.991;2.856
1.015;2.815
1.042;2.788
1.033;2.756
1.026;2.724
1.03;2.7
1.029;2.684
1.022;2.676
1.022;2.67
1.021;2.663
1.017;2.669
1.015;2.673
1.015;2.663
1.016;2.665
1.016;2.66
1.019;2.659
1.013;2.671
1.017;2.669
1.016;2.678
1.016;2.671
1.019;2.659
1.016;2.668
1.017;2.667
1.018;2.672
1.012;2.669
1.025;2.669
1.018;2.681
1.007;2.721
0.991;2.761
1.006;2.779
0.987;2.822
0.967;2.861
0.949;2.903
0.943;2.91
0.936;2.945
0.937;2.979
0.907;3.005
0.912;3.021
0.902;3.074
0.963;3.09
0.921;3.11
0.974;3.138
0.941;3.173
0.987;3.131
1.004;3.126
0.961;3.213
1.009;3.149
0.972;3.238
0.98;3.228
1.011;3.186
1.001;3.204
1.012;3.246
0.965;3.25
1.001;3.202
0.993;3.219
0.995;3.196
0.997;3.2
1.003;3.191
0.997;3.194
1.001;3.186
0.992;3.209
0.991;3.204
0.999;3.186
1.006;3.188
0.998;3.193
1.001;3.19
0.977;3.231
0.97;3.245
0.97;3.243
1.005;3.19
1.008;3.178
1.018;3.168
1.042;3.124
1.053;3.108
1.048;3.107
1.042;3.125
1.044;3.122
0.974;3.232
1.051;3.106
1.05;3.112
1.058;3.1
1.056;3.101
1.058;3.101
1.057;3.109
1.049;3.112
1.052;3.11
0.966;3.244
0.973;3.233
1.047;3.123
1.009;3.188
0.968;3.241
1.004;3.245
1.019;3.165
1.007;3.19
1.003;3.186
1.017;3.259
0.961;3.264
1.068;3.271
1.026;3.292
1.037;3.302
1.052;3.316
1.078;3.339
1.084;3.356
1.109;3.37
1.141;3.372
1.152;3.397
1.181;3.402
1.21;3.406
1.238;3.421
1.262;3.424
1.28;3.424
1.299;3.433
1.321;3.438
1.345;3.436
1.369;3.433
1.391;3.429
1.416;3.429
1.451;3.434
1.483;3.439
1.493;3.419
1.512;3.427
1.48;3.43
1.481;3.432
1.479;3.432
1.516;3.376
1.523;3.326
1.514;3.354
1.516;3.355
1.549;3.344
1.58;3.294
1.562;3.306
1.558;3.315
1.56;3.312
1.559;3.304
1.561;3.307
1.561;3.308
1.559;3.314
1.562;3.31
1.558;3.313
1.561;3.308
1.56;3.309
1.561;3.312
1.561;3.31
1.564;3.307
1.566;3.299
1.561;3.312
1.561;3.307
1.559;3.313
1.566;3.298
1.56;3.308
1.559;3.315
1.559;3.326
1.56;3.301
1.559;3.313
1.559;3.31
1.558;3.314
1.557;3.318
1.557;3.308
1.561;3.302
1.559;3.308
1.557;3.305
1.561;3.302
1.559;3.307
1.554;3.314
1.558;3.304
1.557;3.317
1.556;3.319
1.557;3.313
1.559;3.303
1.557;3.314
1.557;3.32
1.561;3.296
1.559;3.302
1.559;3.303
1.557;3.307
1.558;3.301
1.556;3.311
1.557;3.297
1.559;3.293
1.557;3.301
1.559;3.303
1.558;3.301
1.56;3.295
1.558;3.299
1.556;3.296
1.555;3.298
1.559;3.298
1.559;3.294
1.561;3.297
1.555;3.303
1.556;3.301
1.559;3.298
1.555;3.303
1.558;3.3
1.555;3.303
1.558;3.302
1.56;3.295
1.559;3.288
1.553;3.321
1.556;3.254
1.571;3.254
1.568;3.287
1.578;3.219
1.598;3.231
1.598;3.238
1.596;3.233
1.597;3.232
1.599;3.226
1.597;3.231
1.602;3.222
1.606;3.227
1.61;3.234
1.62;3.24
1.644;3.234
1.656;3.228
1.659;3.247
1.655;3.196
1.655;3.224
1.657;3.228
1.654;3.235
1.657;3.218
1.66;3.215
1.657;3.211
1.657;3.209
1.656;3.208
1.658;3.217
1.653;3.215
1.656;3.216
1.653;3.21
1.652;3.206
1.655;3.199
1.659;3.192
1.657;3.191
1.65;3.203
1.656;3.194
1.656;3.191
1.668;3.182
1.676;3.174
1.677;3.183
1.7;3.16
1.755;3.136
1.758;3.118
1.758;3.116
1.769;3.098
1.762;3.138
1.801;3.141
1.792;3.101
1.814;3.1
1.835;3.1
1.851;3.098
1.843;3.093
1.892;3.094
1.937;3.096
1.932;3.089
1.939;3.088
1.962;3.09
1.976;3.086
2.008;3.085
2.017;3.083
2.022;3.086
2.027;3.081
2.037;3.075
2.064;3.055
2.096;3.04
2.112;3.042
2.134;3.049
2.13;3.053
2.138;3.051
2.129;3.047
2.148;3.08
2.164;3.079
2.172;3.066
2.173;3.062
2.172;3.059
2.158;3.053
2.168;3.038
2.187;3.021
2.213;3.05
2.214;3.042
2.211;3.035
2.208;3.039
2.21;3.036
2.214;3.037
2.209;3.031
2.212;3.034
2.237;3.037
2.242;3.034
2.245;3.039
2.251;3.032
2.255;3.032
2.268;3.033
2.279;3.034
2.283;3.03
2.288;3.032
2.291;3.031
2.291;3.032
2.286;3.02
2.297;3.017
2.3;3.009
2.307;3.002
2.297;2.999
2.277;3.0
2.31;2.996
2.352;2.943
2.324;2.973
2.34;2.993
2.336;2.994
2.344;2.979
2.319;2.973
2.356;2.978
2.353;2.978
2.354;2.975
2.35;2.975
2.35;2.973
2.318;2.967
2.337;2.961
2.341;2.958
2.372;2.957
2.396;2.96
2.42;2.911
2.422;2.905
2.434;2.904
2.437;2.933
2.433;2.874
2.452;2.892
2.462;2.904
2.458;2.911
2.457;2.912
2.458;2.906
2.459;2.906
2.46;2.907
2.46;2.91
2.458;2.911
2.459;2.91
2.455;2.909
2.457;2.912
2.458;2.907
2.459;2.912
2.458;2.909
2.46;2.908
2.46;2.913
2.462;2.905
2.459;2.91
2.458;2.91
2.463;2.906
2.46;2.908
2.46;2.904
2.46;2.896
2.469;2.888
2.468;2.867
2.47;2.871
2.468;2.871
2.463;2.882
2.464;2.888
2.461;2.886
2.473;2.874
2.476;2.87
2.473;2.818
2.498;2.874
2.531;2.884
2.559;3.489
2.472;3.156
2.523;2.912
2.542;2.885
2.543;2.885
2.542;2.886
2.544;2.885
2.545;2.886
2.532;2.864
2.533;2.856
2.533;2.854
2.534;2.851
2.539;2.842
2.539;2.84
2.534;2.846
2.542;2.844
2.541;2.841
2.54;2.842
2.541;2.843
2.539;2.843
2.533;2.855
2.525;2.864
2.528;2.862
2.529;2.864
2.527;2.863
2.531;2.858
2.531;2.854
2.541;2.859
2.57;2.838
2.581;2.834
2.587;2.83
2.611;2.817
2.635;2.815
2.664;2.796
2.694;2.796
2.728;2.782
2.745;2.775
2.767;2.769
2.809;2.813
2.809;2.753
2.82;2.753
2.838;2.752
2.849;2.756
2.882;2.759
2.9;2.752
2.919;2.748
2.96;2.743
2.986;2.741
3.014;2.724
3.101;2.743
3.117;2.752
3.145;2.749
3.163;2.764
3.195;2.768
3.2;2.775
3.181;2.807
3.19;2.802
3.2;2.806
3.214;2.811
3.214;2.814
3.2;2.806
3.186;2.809
3.186;2.811
3.188;2.813
3.188;2.81
3.189;2.812
3.189;2.811
3.189;2.808
3.191;2.807
3.193;2.803
3.194;2.806
3.194;2.803
3.194;2.798
3.194;2.801
3.195;2.799
3.195;2.799
3.194;2.798
3.2;2.801
3.196;2.799
3.193;2.8
3.191;2.802
3.19;2.803
3.196;2.803
3.194;2.801
3.192;2.807
3.192;2.808
3.191;2.807
3.193;2.807
3.192;2.807
3.19;2.808
3.193;2.806
3.189;2.81
3.187;2.811
3.187;2.813
3.184;2.81
3.189;2.811
3.191;2.803
3.187;2.813
3.187;2.814
3.186;2.816
3.184;2.814
3.189;2.814
3.189;2.813
3.189;2.813
3.187;2.809
3.189;2.814
3.187;2.817
3.186;2.816
3.188;2.808
3.19;2.812
3.187;2.811
3.189;2.809
3.193;2.803
3.194;2.8
3.191;2.805
3.193;2.804
3.194;2.804
3.192;2.804
3.192;2.801
3.192;2.804
3.19;2.804
3.189;2.805
3.188;2.804
3.192;2.805
3.192;2.802
3.191;2.805
3.191;2.807
3.189;2.81
3.186;2.807
3.19;2.808
3.192;2.807
3.188;2.805
3.189;2.805
3.191;2.809
3.188;2.81
3.191;2.808
3.188;2.811
3.187;2.81
3.192;2.809
3.188;2.81
3.191;2.81
3.186;2.809
3.185;2.81
3.187;2.812
3.188;2.811
3.185;2.811
3.187;2.81
3.188;2.812
3.185;2.814
3.187;2.814
3.184;2.815
3.189;2.804
3.19;2.806
3.188;2.809
3.19;2.804
3.191;2.804
3.192;2.804
3.194;2.804
3.188;2.804
3.191;2.805
3.192;2.805
3.193;2.803
3.192;2.802
3.191;2.802
3.193;2.803
3.193;2.803
3.191;2.802
3.197;2.798
3.195;2.797
3.19;2.807
3.194;2.801
3.192;2.803
3.194;2.802
3.193;2.8
3.193;2.799
3.193;2.8
3.19;2.803
3.192;2.799
3.197;2.801
3.196;2.8
3.193;2.798
3.193;2.797
3.191;2.801
3.194;2.797
3.194;2.8
3.195;2.799
3.191;2.803
3.195;2.804
3.194;2.805
3.194;2.8
3.194;2.802
3.198;2.801
3.194;2.801
3.194;2.801
3.195;2.801
3.194;2.801
3.193;2.802
3.192;2.803
3.191;2.805
3.194;2.805
3.192;2.803
3.193;2.8
3.193;2.803
3.193;2.797
3.193;2.803
3.194;2.803
3.191;2.803
3.193;2.798
3.196;2.801
3.196;2.802
3.191;2.807
3.193;2.807
3.194;2.802
3.195;2.803
3.194;2.8
3.193;2.802
3.194;2.803
3.194;2.801
3.194;2.801
3.195;2.803
3.193;2.802
3.192;2.804
3.193;2.804
3.192;2.804
3.194;2.801
3.197;2.795
3.196;2.798
3.192;2.802
3.195;2.806
3.192;2.802
3.194;2.808
3.192;2.807
3.193;2.807
3.19;2.806
3.192;2.808
3.193;2.807
3.19;2.805
3.177;2.817
3.17;2.823
3.171;2.816
3.17;2.822
3.147;2.821
3.165;2.805
3.167;2.81
3.19;2.826
3.235;2.822
3.282;2.831
3.312;2.83
3.32;2.831
3.324;2.823
3.323;2.823
3.329;2.821
3.331;2.823
3.343;2.827
3.368;2.805
3.373;2.792
3.378;2.796
3.378;2.792
3.379;2.793
3.383;2.793
3.38;2.795
3.377;2.791
3.376;2.788
3.375;2.801
3.383;2.81
3.396;2.83
3.409;2.822
3.431;2.805
3.433;2.784
3.44;2.787
3.541;2.819
3.536;2.823
3.55;2.826
3.531;2.815
3.54;2.822
3.535;2.818
3.534;2.821
3.528;2.822
3.534;2.823
3.533;2.821
3.536;2.814
3.541;2.822
3.542;2.829
3.557;2.872
3.529;2.807
3.523;2.792
3.525;2.796
3.525;2.786
3.53;2.802
3.527;2.794
3.521;2.784
3.536;2.786
3.525;2.758
3.521;2.756
3.608;2.765
3.624;2.765
3.635;2.762
3.64;2.767
3.722;2.79
3.791;2.786
3.875;2.788
3.911;2.846
3.873;2.794
3.889;2.871
3.958;2.885
3.923;2.787
3.98;2.829
3.937;2.786
3.947;2.797
3.949;2.795
3.962;2.798
3.966;2.793
3.968;2.784
3.95;2.756
3.918;2.702
3.983;2.808
4.007;2.806
4.02;2.799
4.047;2.797
4.093;2.8
4.142;2.795
4.167;2.798
4.167;2.734
4.229;2.781
4.264;2.788
4.293;2.778
4.338;2.782
4.396;2.788
4.417;2.798
4.427;2.811
4.421;2.773
4.428;2.774
4.449;2.793
4.453;2.8
4.454;2.798
4.464;2.781
4.476;2.801
4.535;2.833
4.559;2.861
4.564;2.904
4.598;2.92
4.62;2.935
4.632;2.952
4.63;2.955
4.639;2.958
4.641;2.962
4.644;2.954
4.646;2.964
4.646;2.96
4.648;2.961
4.645;2.958
4.642;2.956
4.648;2.955
4.649;2.97
4.646;2.964
4.645;2.963
4.645;2.967
4.645;2.961
4.645;2.965
4.648;2.964
4.642;2.958
4.648;2.967
4.648;2.963
4.647;2.964
4.647;2.969
4.65;2.967
4.647;2.965
4.647;2.962
4.644;2.962
4.646;2.965
4.645;2.958
4.643;2.96
4.651;2.974
4.646;2.969
4.644;2.975
4.648;2.966
4.645;2.963
4.644;2.964
4.645;2.967
4.646;2.966
4.644;2.966
4.644;2.965
4.643;2.964
4.648;2.966
4.651;2.967
4.651;2.964
4.646;2.962
4.649;2.965
4.647;2.964
4.649;2.964
4.653;2.967
4.644;2.965
4.645;2.95
4.649;2.954
4.664;2.972
4.672;2.997
4.673;2.998
4.673;3.023
4.672;2.991
4.672;2.997
4.675;3.011
4.689;3.028
4.716;3.081
4.711;3.089
4.747;3.115
4.731;3.11
4.713;3.089
4.74;3.181
4.749;3.197
4.738;3.225
4.781;3.223
4.768;3.286
4.779;3.313
4.788;3.345
4.787;3.383
4.787;3.423
4.793;3.431
4.803;3.484
4.809;3.524
4.803;3.538
4.81;3.564
4.791;3.535
4.793;3.608
4.798;3.604
4.794;3.6
4.826;3.601
4.823;3.59
4.825;3.594
4.822;3.591
4.824;3.594
4.826;3.596
4.818;3.579
4.824;3.596
4.827;3.599
4.823;3.598
4.823;3.598
4.826;3.6
4.83;3.602
4.824;3.597
4.828;3.598
4.821;3.593
4.824;3.597
4.825;3.597
4.827;3.6
4.824;3.597
4.826;3.599
4.822;3.592
4.826;3.594
4.824;3.6
4.825;3.6
4.829;3.592
4.825;3.589
4.824;3.598
4.821;3.591
4.822;3.594
4.826;3.599
4.825;3.593
4.825;3.589
4.823;3.597
4.823;3.595
4.821;3.592
4.822;3.593
4.822;3.585
4.82;3.592
4.822;3.598
4.828;3.599
4.827;3.6
4.827;3.606
4.823;3.594
4.821;3.597
4.826;3.6
4.824;3.59
4.823;3.601
4.822;3.593
4.824;3.596
4.823;3.587
4.82;3.591
4.82;3.592
4.823;3.603
4.825;3.6
4.826;3.597
4.821;3.587
4.815;3.583
4.819;3.591
4.819;3.592
4.821;3.597
4.824;3.589
4.824;3.596
4.818;3.58
4.813;3.574
4.795;3.547
4.795;3.541
4.794;3.546
4.795;3.543
4.796;3.544
4.797;3.59
4.833;3.619
4.829;3.607
4.83;3.609
4.827;3.598
4.828;3.604
4.821;3.587
4.825;3.591
4.828;3.597
4.829;3.6
4.827;3.592
4.825;3.593
4.827;3.592
4.827;3.596
4.826;3.594
4.799;3.591
4.801;3.589
4.802;3.595
4.8;3.593
4.802;3.594
4.824;3.594
4.827;3.6
4.822;3.587
4.826;3.596
4.827;3.6
4.819;3.589
4.815;3.581
4.817;3.578
4.799;3.591
4.797;3.598
4.797;3.591
4.799;3.591
4.798;3.595
4.799;3.6
4.796;3.594
4.797;3.598
4.794;3.599
4.824;3.587
4.823;3.592
4.827;3.59
4.82;3.587
4.8;3.593
4.826;3.591
4.821;3.584
4.815;3.582
4.799;3.59
4.798;3.592
4.8;3.596
4.794;3.599
4.8;3.591
4.826;3.594
4.826;3.588
4.794;3.551
4.828;3.535
4.836;3.509
4.873;3.448
4.894;3.425
4.901;3.466
4.943;3.452
4.982;3.506
4.985;3.542
4.982;3.573
4.974;3.573
4.979;3.573
4.98;3.577
4.982;3.57
4.982;3.572
4.98;3.572
4.979;3.568
4.985;3.583
4.981;3.575
4.982;3.576
4.989;3.575
4.988;3.574
4.99;3.573
4.989;3.575
4.982;3.576
4.983;3.583
4.978;3.574
4.984;3.584
4.985;3.584
4.984;3.582
4.985;3.578
4.987;3.587
4.987;3.582
4.979;3.59
4.929;3.59
4.826;3.569
4.748;3.583
4.701;3.572
4.769;3.595
4.883;3.631
4.927;3.589
4.971;3.635
4.978;3.575
4.968;3.499
4.925;3.409
4.869;3.373
4.764;3.383
4.687;3.411
4.627;3.457
4.591;3.523
4.573;3.584
4.556;3.573
4.562;3.574
4.593;3.608
4.582;3.589
4.587;3.593
4.595;3.598
4.59;3.596
4.596;3.612
4.568;3.558
4.553;3.495
4.546;3.466
4.44;3.387
4.389;3.426
4.319;3.472
4.313;3.463
4.313;3.53
4.326;3.586
4.323;3.576
4.36;3.587
4.318;3.579
4.314;3.724
4.319;3.535
4.316;3.577
4.357;3.591
4.371;3.539
4.4;3.484
4.459;3.419
4.525;3.378
4.572;3.337
4.609;3.328
4.613;3.311
4.618;3.254
4.669;3.262
4.695;3.237
4.711;3.218
4.762;3.289
4.697;3.247
4.7;3.178
4.705;3.186
4.708;3.178
4.706;3.182
4.71;3.187
4.707;3.184
4.704;3.183
4.709;3.185
4.708;3.182
4.707;3.184
4.708;3.183
4.706;3.183
4.711;3.186
4.707;3.176
4.708;3.181
4.705;3.176
4.703;3.186
4.695;3.176
4.685;3.169
4.691;3.183
4.693;3.181
4.692;3.18
4.697;3.182
4.69;3.177
4.69;3.171
4.692;3.179
4.695;3.179
4.694;3.183
4.686;3.17
4.69;3.155
4.682;3.16
4.683;3.165
4.68;3.166
4.68;3.161
4.689;3.184
4.679;3.159
4.679;3.187
4.673;3.165
4.677;3.154
4.692;3.181
4.687;3.171
4.68;3.171
4.676;3.158
4.684;3.181
4.661;3.16
4.67;3.151
4.676;3.16
4.68;3.17
4.67;3.15
4.678;3.158
4.669;3.161
4.677;3.157
4.676;3.154
4.673;3.156
4.673;3.149
4.671;3.153
4.676;3.156
4.685;3.179
4.673;3.157
4.68;3.161
4.675;3.165
4.667;3.159
4.673;3.158
4.693;3.18
4.686;3.174
4.681;3.168
4.674;3.161
4.675;3.161
4.67;3.156
4.685;3.17
4.672;3.15
4.676;3.157
4.675;3.16
4.687;3.158
4.682;3.156
4.678;3.18
4.683;3.171
4.679;3.162
4.684;3.146
4.691;3.157
4.69;3.176
4.68;3.162
4.678;3.162
4.676;3.155
4.675;3.163
4.683;3.152
4.675;3.161
4.672;3.157
4.678;3.162
4.689;3.161
4.679;3.163
4.673;3.152
4.68;3.171
4.68;3.163
4.672;3.153
4.676;3.164
4.682;3.165
4.631;3.056
4.709;3.147
4.682;3.136
4.686;3.137
4.675;3.114
4.653;3.082
4.665;3.131
4.661;3.116
4.657;3.116
4.661;3.109
4.65;3.104
4.659;3.104
4.73;3.193
4.657;3.084
4.734;3.202
4.658;3.086
4.66;3.087
4.659;3.082
4.733;3.213
4.729;3.192
4.659;3.084
4.661;3.082
4.663;3.091
4.73;3.193
4.656;3.08
4.658;3.083
4.659;3.086
4.729;3.197
4.743;3.218
4.66;3.088
4.661;3.086
4.661;3.092
4.72;3.183
4.66;3.088
4.739;3.211
4.659;3.085
4.662;3.085
4.658;3.086
4.738;3.208
4.731;3.202
4.717;3.175
4.658;3.09
4.662;3.088
4.736;3.207
4.658;3.088
4.662;3.085
4.666;3.092
4.664;3.093
4.651;3.062
4.657;3.028
4.656;3.022
4.649;3.011
4.651;2.988
4.656;2.952
4.653;2.931
4.652;2.926
4.655;2.906
4.655;2.889
4.655;2.875
4.654;2.861
4.661;2.844
4.655;2.842
4.657;2.84
4.657;2.837
4.661;2.834
4.658;2.841
4.66;2.834
4.662;2.837
4.682;2.841
4.683;2.826
4.704;2.849
4.713;2.848
4.733;2.831
4.751;2.814
4.754;2.814
4.759;2.813
4.753;2.814
4.758;2.808
4.761;2.811
4.766;2.813
4.782;2.808
4.788;2.804
4.803;2.802
4.834;2.802
4.841;2.802
4.873;2.803
4.903;2.806
4.948;2.804
4.983;2.803
4.988;2.804
4.979;2.8
4.975;2.802
4.976;2.803
4.976;2.804
4.979;2.801
4.977;2.802
4.975;2.806
4.977;2.804
4.975;2.803
4.977;2.802
4.975;2.803
4.976;2.801
4.974;2.801
4.979;2.804
4.992;2.802
5.008;2.796
5.039;2.782
5.08;2.768
5.1;2.762
5.118;2.773
5.146;2.77
5.191;2.774
5.214;2.773
5.25;2.758
5.281;2.665
5.345;2.743
5.37;2.743
5.376;2.72
5.385;2.74
5.38;2.739
5.365;2.743
5.361;2.769
5.375;2.774
5.365;2.799
5.372;2.779
5.371;2.779
5.372;2.775
5.371;2.774
5.383;2.767
5.388;2.763
5.388;2.76
5.386;2.76
5.39;2.762
5.385;2.767
5.391;2.765
5.399;2.757
5.403;2.763
5.439;2.765
5.506;2.754
5.53;2.744
5.543;2.728
5.547;2.718
5.552;2.748
5.555;2.781
5.556;2.779
5.555;2.779
5.558;2.786
5.554;2.784
5.558;2.779
5.549;2.774
5.553;2.784
5.554;2.779
5.547;2.766
5.548;2.774
5.555;2.783
5.552;2.776
5.553;2.774
5.558;2.785
5.556;2.783
5.557;2.789
5.553;2.774
5.558;2.779
5.557;2.782
5.553;2.777
5.553;2.779
5.553;2.774
5.554;2.781
5.554;2.777
5.553;2.776
5.552;2.775
5.558;2.783
5.554;2.773
5.553;2.777
5.552;2.777
5.557;2.779
5.552;2.777
5.555;2.78
5.556;2.783
5.555;2.784
5.549;2.772
5.553;2.78
5.559;2.785
5.551;2.772
5.554;2.774
5.555;2.779
5.554;2.776
5.553;2.776
5.551;2.777
5.556;2.789
5.549;2.774
5.557;2.789
5.556;2.78
5.55;2.774
5.551;2.777
5.556;2.779
5.554;2.779
5.552;2.773
5.556;2.779
5.553;2.777
5.557;2.782
5.555;2.784
5.553;2.783
5.554;2.783
5.556;2.782
5.553;2.771
5.554;2.779
5.553;2.774
5.556;2.78
5.553;2.777
5.556;2.782
5.554;2.78
5.553;2.771
5.551;2.774
5.558;2.783
5.555;2.784
5.551;2.773
5.558;2.785
5.55;2.777
5.554;2.783
5.556;2.795
5.556;2.787
5.554;2.776
5.554;2.78
5.556;2.782
5.554;2.776
5.55;2.776
5.554;2.776
5.552;2.777
5.555;2.78
5.555;2.787
5.556;2.779
5.555;2.78
5.555;2.779
5.556;2.784
5.553;2.771
5.553;2.773
5.554;2.777
5.556;2.78
5.552;2.779
5.552;2.774
5.553;2.776
5.553;2.775
5.558;2.786
5.553;2.776
5.556;2.78
5.554;2.773
5.556;2.779
5.556;2.776
5.557;2.787
5.553;2.78
5.556;2.779
5.553;2.777
5.554;2.782
5.555;2.773
5.554;2.778
5.553;2.78
5.553;2.771
5.553;2.777
5.554;2.783
5.549;2.768
5.555;2.779
5.557;2.782
5.554;2.777
5.552;2.775
5.555;2.776
5.551;2.775
5.552;2.773
5.553;2.773
5.556;2.777
5.555;2.784
5.554;2.786
5.554;2.784
5.556;2.782
5.555;2.782
5.554;2.777
5.553;2.774
5.557;2.785
5.553;2.778
5.554;2.779
5.552;2.773
5.555;2.78
5.551;2.775
5.555;2.783
5.554;2.774
5.555;2.783
5.554;2.779
5.554;2.777
5.554;2.78
5.552;2.773
5.553;2.779
5.55;2.771
5.553;2.778
5.555;2.78
5.552;2.783
5.556;2.78
5.554;2.782
5.551;2.773
5.551;2.774
5.552;2.773
5.553;2.771
5.552;2.77
5.553;2.78
5.551;2.773
5.551;2.774
5.552;2.777
5.553;2.777
5.555;2.779
5.555;2.776
5.554;2.779
5.552;2.777
5.554;2.784
5.554;2.774
5.552;2.779
5.553;2.782
5.551;2.768
5.552;2.773
5.551;2.777
5.553;2.784
5.551;2.777
5.553;2.777
5.553;2.78
5.556;2.783
5.553;2.78
5.556;2.784
5.553;2.778
5.553;2.781
5.552;2.775
5.553;2.777
5.55;2.772
5.552;2.774
5.555;2.784
5.554;2.776
5.553;2.779
5.551;2.775
5.556;2.782
5.558;2.777
5.554;2.768
5.554;2.776
5.555;2.777
5.556;2.779
5.55;2.772
5.553;2.78
5.55;2.777
5.554;2.776
5.554;2.777
5.554;2.779
5.556;2.784
5.553;2.776
5.554;2.782
5.555;2.777
5.556;2.779
5.558;2.78
5.553;2.78
5.554;2.774
5.552;2.768
5.553;2.784
5.559;2.788
5.553;2.779
5.558;2.783
5.552;2.778
5.555;2.784
5.551;2.772
5.555;2.78
5.556;2.78
5.557;2.783
5.553;2.776
5.555;2.777
5.55;2.774
5.556;2.779
5.553;2.78
5.555;2.777
5.554;2.782
5.556;2.782
5.552;2.775
5.552;2.773
5.554;2.779
5.551;2.771
5.553;2.776
5.557;2.786
5.555;2.782
5.553;2.774
5.556;2.783
5.555;2.776
5.555;2.776
5.549;2.769
5.552;2.781
5.556;2.779
5.553;2.777
5.551;2.772
5.553;2.777
5.557;2.779
5.555;2.779
5.552;2.768
5.551;2.773
5.554;2.774
5.555;2.782
5.553;2.776
5.557;2.782
5.552;2.781
5.554;2.779
5.553;2.771
5.553;2.777
5.554;2.773
5.552;2.776
5.554;2.783
5.552;2.774
5.555;2.779
5.554;2.774
5.551;2.77
5.556;2.784
5.554;2.777
5.555;2.779
5.554;2.776
5.551;2.777
5.553;2.771
5.556;2.786
5.552;2.775
5.557;2.788
5.555;2.78
5.557;2.787
5.555;2.783
5.555;2.777
5.554;2.78
5.556;2.777
5.555;2.779
5.554;2.784
5.555;2.773
5.552;2.774
5.553;2.779
5.553;2.78
5.556;2.776
5.555;2.784
5.553;2.774
5.554;2.776
5.554;2.78
5.556;2.782
5.552;2.771
5.558;2.783
5.556;2.782
5.553;2.78
5.551;2.774
5.555;2.782
5.557;2.78
5.553;2.78
5.554;2.777
5.557;2.78
5.557;2.777
5.553;2.777
5.559;2.778
5.555;2.78
5.553;2.774
5.554;2.779
5.556;2.78
5.558;2.782
5.555;2.777
5.556;2.783
5.556;2.779
5.552;2.77
5.556;2.783
5.555;2.776
5.556;2.785
5.551;2.773
5.555;2.779
5.556;2.777
5.553;2.78
5.554;2.777
5.551;2.777
5.553;2.779
5.55;2.77
5.553;2.774
5.553;2.777
5.553;2.776
5.554;2.774
5.556;2.786
5.552;2.777
5.553;2.78
5.55;2.778
5.557;2.789
5.553;2.782
5.554;2.779
5.554;2.78
5.556;2.779
5.556;2.78
5.554;2.774
5.56;2.781
5.557;2.783
5.555;2.784
5.559;2.788
5.555;2.777
5.555;2.773
5.55;2.774
5.558;2.782
5.551;2.77
5.552;2.777
5.552;2.776
5.554;2.777
5.554;2.776
5.558;2.783
5.553;2.774
5.558;2.785
5.555;2.782
5.554;2.779
5.553;2.776
5.554;2.779
5.551;2.78
5.552;2.783
5.555;2.776
5.554;2.777
5.551;2.784
;
;
;
;
;
;
;
;
;
;
;
;
;
;
;
;
;
;
;
;
;
;
;
;
;
;
;
;
;
;
;
;
;
;
;
;
;
;
;
;
;
;
;
;
;
;
;
;
;
;
;
;
;
;
;
;
;
;
;
;
;
;
;
;
;
;
;
;
;
;
;
;
;
;
;
;
;
;
;
;
;
;
;
;
;
;
;
;
;
;
;
;
;
;
;
;
;
;
;
;
;
;
;
;
;
;
;
;
;
;
;
;
;
;
;
;
;
;
;
;
;
;
;
;
;
;
;
;
;
;
;
;
;
;
;
;
;
;
;
;
;
;
;
;
;
;
;
;
;
;
;
;
;
;
;
;
;
;
;
;
;
;
;
;
;
;
;
;
;
;
;
;
;
;
;
;
;
;
;
;
;
;
;
;
;
;
;
;
;
;
;
;
;
;
;
;
;
;
;
;
;
;
;
;
;
;
;
;
;
;
;
;
;
;
;
;
;
;
;
;
;
;
;
;
;
;
;
;
